length, lev_dist, sample_ms, total_ms, total_samples, lev_ball_arcs, productions, lang_size, rank, edit1, edit2, edit3
79, 1, 468, 51043, 4, 395, 170, 4, 0, D::.::75
10, 3, 30162, 46352, 70517, 161, 16697, 324949, 1, D::NAME::5, D::(::6, D::)::8
71, 1, 94, 24371, 8, 355, 150, 8, 0, S::.::STRING::35
70, 3, 30023, 292087, 9209, 1121, 21371, 1272395, 919, S::(::NAME::1, S::NAME::(::2, I::NAME::10
37, 3, 1815, 33334, 441, 593, 1419, 976, 0, D:://::25, D::NAME::26, D::NAME::27
20, 2, 7277, 31096, 4522, 201, 2327, 12529, 0, D::NAME::0, D::NAME::1
37, 1, 6, 22014, 5, 185, 91, 5, 0, S::NAME::class::0
9, 2, 43, 19763, 202, 91, 108, 202, 11, S::%::{::1, S::%::}::6
15, 2, 133, 21727, 398, 151, 229, 398, 0, D::**::8, D::**::12
43, 2, 38, 36789, 34, 431, 136, 38, 0, D::INDENT::4, D::DEDENT::39
58, 1, 21, 31076, 11, 290, 148, 12, 0, D::return::42
75, 2, 30021, 225845, 20351, 751, 4455, 72359, 5705, I::(::53, I::)::62
26, 3, 30063, 103102, 42336, 417, 16974, 1458232, 0, D::NAME::0, D:::::1, D::NEWLINE::2
12, 2, 2118, 21033, 5419, 121, 2053, 7952, 946, I::(::8, I::)::11
63, 3, 30022, 334382, 13754, 1009, 27810, 1276012, 5643, I::NAME::6, I::.::7, S::as::import::9
10, 2, 1721, 22411, 4073, 101, 2782, 6467, 1078, I::(::1, I::)::10
55, 1, 97, 27177, 47, 275, 222, 47, 0, I::)::48
41, 1, 78, 23325, 58, 205, 242, 59, 0, S::NAME::import::0
48, 2, 14912, 58851, 3605, 481, 2818, 13501, 1510, I::INDENT::17, I::DEDENT::47
48, 1, 2, 25631, 1, 240, 98, 1, 0, I:::::38
7, 2, 1542, 20636, 7086, 71, 2019, 9156, 1218, I::(::1, I::)::5
7, 1, 3, 18099, 16, 35, 49, 16, 0, D:::::0
65, 1, 53, 36747, 35, 325, 217, 35, 0, I::*::62
58, 2, 332, 78179, 104, 581, 172, 104, 0, S::NAME::if::0, D::.::34
35, 2, 30007, 60280, 10570, 351, 2992, 37902, 2693, I::(::20, I::)::33
48, 2, 26, 41350, 24, 481, 117, 24, 0, S::pass::NAME::14, S::pass::NAME::29
8, 1, 8, 19726, 35, 40, 125, 35, 0, I::)::7
37, 3, 30030, 108014, 22254, 593, 14438, 1107322, 0, D::<::14, D::NAME::15, D::>::16
51, 1, 2, 25070, 1, 255, 104, 1, 0, I:::::15
65, 2, 14, 86635, 9, 651, 199, 9, 0, I::(::39, D::NEWLINE::63
63, 1, 6, 33249, 4, 315, 138, 4, 0, D::.::44
31, 1, 0, 20364, 1, 155, 64, 1, 0, I::in::2
36, 1, 1, 22611, 1, 180, 74, 1, 0, I::in::33
37, 2, 30007, 72974, 14680, 371, 3366, 40786, 1375, I::(::34, S::NEWLINE::)::36
56, 2, 53, 193354, 33, 561, 219, 34, 0, I::}::31, I::NEWLINE::33
30, 2, 1, 25712, 1, 301, 64, 1, 0, I:::::11, I:::::18
42, 2, 2499, 53826, 262, 421, 1868, 2171, 173, I::)::25, I::NEWLINE::26
36, 3, 30012, 156479, 17071, 577, 6360, 346896, 7802, I::)::12, I::NEWLINE::13, I::NEWLINE::33
72, 3, 545, 274355, 102, 1153, 267, 144, 0, D::DEDENT::50, S::NAME::except::52, I::DEDENT::70
8, 3, 1466, 22777, 6672, 129, 936, 7454, 0, D::NAME::3, D::is::5, D:::::6
17, 2, 7403, 30196, 5337, 171, 3577, 17149, 0, D::NAME::2, D::(::3
64, 2, 30029, 159314, 10923, 641, 5265, 77382, 3189, I::(::47, I::)::64
5, 2, 644, 20462, 3307, 51, 1556, 4302, 0, D::NAME::2, S::NAME::STRING::3
71, 1, 2, 37711, 1, 355, 144, 1, 0, I:::::59
34, 1, 67, 20633, 78, 170, 282, 78, 0, I::)::30
44, 1, 151, 24825, 34, 220, 175, 35, 0, I::,::34
11, 2, 44, 20210, 150, 111, 76, 150, 0, D::**::0, D::**::9
67, 3, 30050, 384982, 12948, 1073, 6131, 80992, 977, S::=:::::4, S::=:::::16, S::=:::::30
18, 1, 3, 18639, 5, 90, 49, 5, 0, D::.::14
7, 1, 14, 18820, 52, 35, 139, 53, 0, D::NAME::4
20, 3, 30046, 81260, 44710, 321, 13613, 566972, 1, D::NUMBER::0, D::)::1, D::.::2
35, 1, 5, 21622, 4, 175, 84, 4, 0, S::NAME::for::5
27, 3, 30076, 82524, 53155, 433, 13630, 2947896, 0, D::NAME::0, D::NUMBER::1, D::NEWLINE::2
20, 1, 26, 18576, 58, 100, 178, 59, 0, I::=::1
43, 1, 62, 24333, 67, 215, 241, 68, 0, I::,::3
74, 2, 30005, 151133, 7036, 741, 3631, 23211, 2460, I::INDENT::7, I::DEDENT::73
61, 1, 117, 31565, 79, 305, 349, 79, 0, I::)::57
33, 1, 45, 21574, 39, 165, 200, 39, 0, I::)::29
9, 2, 2246, 21069, 5339, 91, 1865, 8910, 494, I::(::1, I::)::8
33, 2, 11352, 39571, 6156, 331, 2686, 13749, 1, D::True::24, D::=::25
34, 1, 32, 20955, 48, 170, 203, 48, 0, I::)::31
10, 1, 2, 17890, 8, 50, 56, 8, 0, D::]::7
15, 1, 8, 18583, 15, 75, 98, 15, 0, I::]::14
20, 3, 11522, 51680, 21952, 321, 250, 21952, 0, S:::::,::3, S:::::,::9, S:::::,::15
68, 1, 193, 35763, 63, 340, 289, 64, 0, S::NAME::import::0
66, 1, 348, 35264, 102, 330, 346, 103, 0, D::NAME::53
27, 3, 30210, 108680, 186463, 433, 21039, 7315898, 0, D::NEWLINE::23, D::NAME::24, D::NAME::25
47, 1, 3, 29915, 2, 235, 99, 2, 0, I:::::32
9, 1, 1, 19760, 2, 45, 24, 2, 0, I::(::1
39, 2, 241, 59673, 57, 391, 146, 57, 0, D::NEWLINE::2, I::}::38
19, 1, 33, 20832, 56, 95, 204, 56, 0, S::,:::::2
53, 2, 30038, 86369, 15006, 531, 3577, 57046, 3697, I::(::51, I::)::53
6, 1, 24, 18921, 102, 30, 228, 103, 0, D::NAME::0
74, 1, 149, 49225, 38, 370, 242, 38, 0, D::NUMBER::37
64, 1, 11, 40072, 6, 320, 137, 6, 0, D::return::14
77, 1, 3, 51140, 1, 385, 156, 1, 0, I:::::13
42, 1, 9, 21673, 9, 210, 125, 10, 0, D::)::33
36, 2, 1, 26277, 1, 361, 76, 1, 0, I:::::4, I:::::11
29, 2, 136, 38584, 131, 291, 121, 131, 0, D::**::19, D::**::27
63, 1, 215, 36234, 35, 315, 243, 35, 0, I::)::59
9, 1, 2, 19084, 9, 45, 35, 9, 0, S::pass::NAME::0
50, 1, 2, 43445, 1, 250, 100, 1, 0, S::[::{::35
13, 1, 2, 20422, 6, 65, 35, 6, 0, D::,::9
10, 2, 601, 22896, 457, 101, 435, 496, 0, D::NAME::6, D::.::7
32, 3, 282, 39516, 169, 513, 94, 169, 0, I:::::5, I::pass::25, I::pass::33
20, 1, 21, 19191, 48, 100, 223, 48, 0, I::)::13
59, 2, 30020, 93663, 10160, 591, 2856, 34968, 3367, I::(::57, I::)::59
72, 2, 454, 99727, 202, 721, 255, 202, 0, D::**::32, D::**::48
7, 2, 6, 21058, 29, 71, 56, 29, 0, D::>>::0, D::>::1
8, 1, 10, 18081, 33, 40, 112, 33, 0, I::)::7
21, 1, 71, 19011, 59, 105, 258, 60, 0, I::]::18
69, 2, 30024, 122045, 13573, 691, 4327, 87517, 4774, I::(::60, I::)::68
6, 3, 6023, 29338, 18824, 97, 6081, 36456, 1514, I::STRING::1, I::,::2, S::}::)::6
63, 1, 164, 42289, 26, 315, 316, 27, 0, D::)::55
9, 2, 39, 18518, 141, 91, 330, 183, 0, D::NAME::5, D::.::6
34, 1, 45, 25682, 39, 170, 267, 39, 0, I::)::33
54, 3, 1294, 105116, 544, 865, 352, 636, 0, D::.::0, D::INDENT::2, D::DEDENT::51
76, 2, 799, 110644, 120, 761, 370, 128, 28, I::for::20, S::=::in::22
12, 1, 10, 18551, 36, 60, 148, 36, 0, I::)::11
34, 2, 30020, 76206, 16854, 341, 3978, 55430, 4398, I::(::5, I::)::30
65, 1, 30, 64550, 18, 325, 430, 18, 0, I::}::63
65, 2, 8193, 82212, 2121, 651, 2919, 5039, 27, S::import::from::0, S::from::import::2
73, 1, 436, 41630, 78, 365, 374, 78, 0, I::)::68
76, 3, 30005, 354825, 4425, 1217, 4711, 34711, 0, D::NEWLINE::0, D::INDENT::4, D::DEDENT::71
44, 2, 620, 33230, 676, 441, 208, 676, 0, S::=::==::9, S::=::==::22
24, 1, 15, 19403, 26, 120, 108, 26, 0, S::=::==::13
15, 1, 28, 18523, 77, 75, 259, 80, 0, I::)::13
30, 1, 18, 23261, 16, 150, 163, 16, 0, I::]::29
76, 2, 30022, 155352, 18892, 761, 4527, 86393, 7973, I::(::71, I::)::75
32, 1, 9, 20039, 13, 160, 85, 13, 0, D::is::19
45, 1, 7, 22858, 7, 225, 113, 8, 0, D::NAME::3
12, 3, 8621, 31642, 9220, 193, 3592, 30751, 4782, I::NAME::1, I::(::2, I::)::4
68, 1, 81, 59668, 55, 340, 301, 55, 0, S::,:::::49
73, 3, 30011, 260798, 9606, 1169, 3697, 56881, 0, D::INDENT::17, D::;::43, D::DEDENT::69
70, 1, 164, 45255, 102, 350, 491, 102, 0, I::)::67
17, 3, 30073, 72408, 52032, 273, 16062, 2516300, 0, D::NEWLINE::13, D::NAME::14, D::STRING::15
80, 2, 42, 183963, 24, 801, 178, 24, 1, S::lambda::NAME::5, S::lambda::NAME::44
64, 1, 11, 33996, 7, 320, 136, 7, 0, I::NAME::46
7, 2, 24, 20124, 150, 71, 68, 150, 0, D::**::0, D::**::5
22, 3, 30051, 58743, 46724, 353, 385, 74088, 0, D::NAME::5, D::NAME::10, D::NAME::15
22, 1, 1, 19618, 1, 110, 46, 1, 0, I:::::8
25, 3, 5594, 45357, 6385, 401, 373, 8327, 0, D::INDENT::5, D::NEWLINE::22, S::DEDENT::)::23
42, 2, 197, 74619, 63, 421, 293, 66, 17, I::}::26, I::}::40
76, 2, 30004, 159157, 4054, 761, 3192, 15916, 1614, I::INDENT::32, I::DEDENT::76
8, 1, 6, 19307, 38, 40, 108, 38, 0, D::NAME::3
58, 1, 35, 44058, 28, 290, 186, 28, 0, S::.::,::33
10, 1, 14, 20554, 58, 50, 158, 59, 0, D::NAME::0
32, 1, 8, 20666, 7, 160, 70, 7, 0, S::class::NAME::16
14, 2, 2852, 21635, 6995, 141, 1558, 8637, 1244, I::(::10, I::)::12
50, 2, 1848, 44870, 1156, 501, 272, 1225, 0, D::NAME::26, D::NAME::38
29, 2, 15413, 49738, 7023, 291, 2149, 21267, 2168, I::(::25, I::)::27
71, 2, 30010, 187901, 5546, 711, 3045, 25642, 742, I::)::13, D::)::16
53, 2, 52, 51014, 34, 531, 159, 34, 10, S::NAME::class::3, I::class::19
12, 1, 12, 23219, 35, 60, 144, 35, 0, I::)::11
35, 3, 29437, 152920, 8249, 561, 3783, 32454, 2768, I::]::14, I::NEWLINE::16, I::NEWLINE::25
51, 2, 168, 49641, 156, 511, 196, 156, 0, D::<::3, D::>::5
36, 3, 30032, 99550, 28115, 577, 4480, 173139, 0, D::NEWLINE::16, D:://::17, D::or::18
57, 3, 30011, 147640, 12139, 913, 3052, 30307, 5583, I::class::0, I::NAME::1, I:::::2
25, 3, 5753, 36913, 2942, 401, 1886, 7686, 1294, S::class::NAME::1, I::INDENT::18, I::DEDENT::24
71, 2, 115, 95309, 64, 711, 234, 64, 33, I::def::13, I::def::46
18, 1, 4, 18454, 12, 90, 83, 12, 0, I::]::16
20, 3, 30088, 82689, 42410, 321, 19020, 1231575, 0, D::<::8, D::NAME::9, D::>::10
26, 2, 12789, 36532, 9560, 261, 2901, 18856, 3577, I::(::14, I::)::22
27, 2, 12052, 37882, 9236, 271, 1982, 17757, 2684, I::(::23, I::)::25
26, 1, 1, 22039, 1, 130, 52, 1, 0, S::[::]::23
14, 3, 30216, 62576, 92095, 225, 9525, 304641, 0, D::>>::10, D::>::11, D::NUMBER::12
49, 3, 30089, 406155, 43833, 785, 29001, 6653553, 1, D::NAME::0, D::>>::1, D::>::2
55, 2, 30048, 89786, 15782, 551, 3347, 50134, 4252, I::(::53, I::)::55
77, 2, 30059, 151792, 17276, 771, 5167, 95958, 4650, I::(::75, I::)::77
5, 1, 1, 17539, 11, 25, 32, 11, 0, I::...::4
25, 2, 14107, 46866, 8928, 251, 3092, 22722, 1212, I::(::1, I::)::24
33, 1, 12, 23411, 13, 165, 112, 13, 0, I::)::31
10, 1, 18, 18256, 32, 50, 117, 32, 0, D::.::3
14, 2, 1021, 22966, 1857, 141, 1046, 2451, 0, D::>>::0, D::>::1
22, 2, 15277, 41168, 16768, 221, 2849, 27026, 6512, I::(::19, I::)::21
24, 3, 7192, 41090, 5301, 385, 1361, 12024, 0, D::NEWLINE::0, D::INDENT::1, D::DEDENT::21
7, 1, 2, 19127, 7, 35, 52, 7, 0, S::import::from::0
62, 1, 13, 31226, 8, 310, 176, 8, 0, I::def::0
54, 2, 6329, 89518, 947, 541, 2997, 4758, 581, I::)::36, I::NEWLINE::38
68, 1, 7, 36831, 4, 340, 146, 4, 0, S::NAME::class::49
48, 1, 1, 24867, 1, 240, 98, 1, 0, I:::::21
11, 3, 30208, 64349, 135587, 177, 13417, 1050544, 0, D::NAME::0, D::=::1, D::NEWLINE::2
51, 2, 3794, 98266, 2628, 511, 516, 3070, 625, I::)::21, I::NEWLINE::32
9, 2, 120, 20605, 549, 91, 321, 549, 0, D::-::4, D::NUMBER::5
13, 2, 936, 21122, 1181, 131, 1340, 3163, 2, D::NUMBER::5, S::*::STRING::6
73, 2, 30006, 130191, 2507, 731, 3461, 18358, 845, I::INDENT::26, I::DEDENT::38
8, 2, 720, 20473, 2057, 81, 1469, 4024, 249, I::STRING::5, I:::::6
62, 1, 5, 38299, 4, 310, 141, 4, 0, D::.::60
76, 2, 267, 116319, 150, 761, 198, 150, 0, D::**::47, D::**::74
37, 3, 30212, 94286, 98685, 593, 11786, 2008140, 0, D::NAME::33, D::NAME::34, D::NAME::35
13, 1, 10, 18257, 37, 65, 121, 38, 0, I::,::10
7, 2, 666, 19473, 2632, 71, 1605, 3938, 313, I::{::0, I::}::7
63, 1, 2, 34041, 1, 315, 128, 1, 0, I:::::40
46, 1, 4, 26024, 4, 230, 148, 4, 0, D::}::23
21, 2, 392, 27026, 841, 211, 206, 841, 77, I::]::8, I::]::17
20, 1, 2, 19306, 5, 100, 73, 5, 0, I::def::0
29, 3, 30031, 76448, 28387, 465, 3146, 79884, 116, S::NEWLINE::NAME::0, S::INDENT::=::1, D::DEDENT::4
54, 2, 10742, 60157, 2429, 541, 2424, 9307, 1038, I::INDENT::4, I::DEDENT::53
24, 1, 68, 19076, 97, 120, 459, 142, 0, I::)::20
38, 3, 30044, 135796, 18872, 609, 9219, 154223, 8324, I::}::31, I::)::32, I::NEWLINE::33
54, 2, 77, 53360, 64, 541, 132, 64, 10, I::STRING::28, I::STRING::45
13, 3, 30118, 66470, 80076, 209, 17298, 1631684, 0, D::STRING::2, D::%::3, D::NAME::4
75, 3, 30023, 354375, 28591, 1201, 6839, 210421, 0, D::NEWLINE::0, D::INDENT::1, D::DEDENT::7
18, 1, 3, 21472, 6, 90, 88, 6, 0, D::]::11
43, 2, 1159, 40052, 784, 431, 232, 784, 0, S::NAME::if::16, S::NAME::if::30
34, 2, 3852, 44912, 2705, 341, 2148, 3466, 947, I::]::14, I::]::30
52, 1, 2, 27944, 1, 260, 106, 1, 0, I::)::49
52, 1, 149, 26956, 36, 260, 227, 36, 0, I::)::49
9, 3, 30101, 57823, 113288, 145, 9210, 304453, 0, D::NAME::0, D::NEWLINE::1, D::.::7
75, 1, 6, 85097, 3, 375, 182, 3, 0, I::)::38
64, 2, 5, 141071, 2, 641, 151, 2, 1, I::,::11, I::,::25
48, 2, 30046, 88819, 12455, 481, 2993, 36948, 3586, I::(::43, I::)::47
8, 1, 8, 18046, 47, 40, 141, 47, 0, I::)::7
69, 2, 40, 140033, 28, 691, 186, 28, 0, D::INDENT::21, I::INDENT::43
55, 2, 5510, 95456, 534, 551, 2911, 4271, 361, I::)::41, I::NEWLINE::43
26, 1, 27, 20635, 51, 130, 189, 51, 0, I::)::24
10, 3, 30065, 55122, 44059, 161, 6078, 165917, 7, D::>>::0, D::>::1, I::NEWLINE::9
15, 3, 143, 22120, 318, 241, 154, 465, 0, D::<::1, D::lambda::2, S::>::NAME::3
69, 3, 30013, 279264, 5505, 1105, 5258, 72797, 2048, S::NAME::)::44, S::.::NEWLINE::45, I::NEWLINE::53
36, 1, 9, 21842, 10, 180, 90, 10, 0, D:::::32
26, 3, 30075, 66190, 74696, 417, 7174, 541462, 0, D:://::21, D::NAME::22, D::NAME::23
33, 1, 1, 20812, 1, 165, 68, 1, 0, I:::::2
53, 1, 72, 31092, 38, 265, 205, 39, 0, I::,::37
9, 1, 14, 18539, 62, 45, 206, 64, 0, I::)::7
32, 3, 1, 37912, 1, 513, 70, 1, 0, I:::::4, I:::::11, I:::::21
30, 2, 20471, 46659, 14367, 301, 2561, 24744, 2661, I::(::20, I::)::27
20, 1, 51, 20892, 84, 100, 316, 89, 0, I::)::17
11, 1, 15, 20266, 39, 55, 119, 39, 0, I::+::7
63, 1, 2, 37179, 1, 315, 128, 1, 0, I::,::29
73, 1, 2, 42182, 1, 365, 148, 1, 0, I:::::5
10, 2, 1934, 21830, 5047, 101, 1473, 6354, 0, D::NAME::7, D::NAME::8
6, 2, 147, 18257, 859, 61, 531, 958, 0, D::>>::0, D::>::1
50, 2, 30012, 76617, 13031, 501, 3405, 34388, 5778, I::(::13, I::)::17
9, 2, 183, 19829, 749, 91, 272, 749, 32, D::NEWLINE::2, I::)::8
17, 1, 17, 18844, 28, 85, 108, 28, 0, S::NAME::if::8
33, 3, 30009, 158238, 6292, 529, 15035, 127933, 886, I::NAME::0, I::=::1, I::{::2
49, 3, 30012, 326835, 8848, 785, 5959, 88825, 4870, I::)::18, I::NEWLINE::19, I::NEWLINE::35
40, 2, 5533, 55746, 2750, 401, 3460, 5635, 642, I::,::3, I::)::38
15, 3, 2075, 26635, 3975, 241, 844, 4241, 1597, I::(::3, I::)::4, I:::::5
61, 1, 115, 33183, 61, 305, 310, 61, 0, S::+=::+::42
9, 2, 845, 20176, 3629, 91, 1068, 4268, 1101, I::{::4, I::}::8
25, 2, 124, 24053, 49, 251, 62, 49, 0, S::in::NAME::5, S::in::NAME::15
62, 1, 2, 34791, 1, 310, 124, 1, 0, S::]::)::58
45, 3, 160, 71939, 73, 721, 142, 73, 5, S::NAME::class::0, S::NAME::class::14, S::NAME::class::29
32, 2, 4011, 40359, 843, 321, 2343, 4548, 554, I::)::19, I::NEWLINE::23
22, 3, 30031, 87464, 17135, 353, 13012, 160231, 0, D::with::0, D::NAME::1, D::(::2
67, 3, 30015, 231166, 7423, 1073, 3889, 27096, 0, D::NEWLINE::0, D::INDENT::1, D::DEDENT::23
24, 2, 18732, 45518, 18480, 241, 3553, 29446, 3791, I::(::15, I::)::23
70, 1, 47, 47057, 24, 350, 213, 25, 0, I::)::67
14, 1, 4, 20669, 8, 70, 40, 8, 0, I::NAME::2
10, 3, 30104, 58522, 68529, 161, 9882, 341966, 0, D::def::0, D::NAME::3, D::,::4
66, 2, 2740, 83958, 1521, 661, 330, 1521, 0, D::NUMBER::17, D::NUMBER::44
39, 2, 17, 33119, 20, 391, 102, 20, 0, D::*::0, D::*::37
75, 3, 8716, 319467, 3537, 1201, 691, 4179, 130, D::INDENT::13, D::DEDENT::47, I::)::73
32, 1, 0, 21814, 1, 160, 66, 1, 0, I::}::29
31, 1, 48, 21481, 67, 155, 339, 76, 0, D::(::9
57, 2, 2193, 75818, 1137, 571, 1845, 1614, 0, D::(::4, D::)::5
36, 2, 2679, 53079, 1058, 361, 1034, 2631, 0, D::*::0, D::*::34
25, 2, 2057, 33410, 1075, 251, 1383, 3080, 0, D::>>::0, D::>::1
45, 2, 30020, 73081, 13534, 451, 4044, 69566, 7299, I::(::38, I::)::44
72, 2, 30017, 180753, 14592, 721, 4440, 65224, 1332, I::(::53, I::)::72
56, 3, 30014, 170668, 9857, 897, 3842, 31684, 0, D::NEWLINE::0, D::INDENT::1, D::DEDENT::53
8, 1, 0, 17667, 2, 40, 29, 2, 0, S::}::]::6
53, 1, 35, 31083, 29, 265, 184, 29, 0, I::,::38
19, 1, 2, 19610, 4, 95, 52, 4, 0, I::NAME::6
76, 3, 30152, 320240, 62538, 1217, 541, 117936, 0, D::NUMBER::19, D::NUMBER::40, D::NUMBER::58
54, 2, 30052, 80759, 18448, 541, 3130, 44372, 6526, I::(::52, I::)::54
5, 1, 4, 17696, 35, 25, 95, 36, 0, I::,::2
35, 1, 22, 22745, 21, 175, 201, 21, 0, D::(::10
7, 2, 262, 19610, 1026, 71, 623, 1183, 0, D::>>::0, D::>::1
75, 1, 44, 72989, 26, 375, 210, 26, 0, S::=::==::21
80, 1, 69, 55495, 19, 400, 193, 20, 0, D::&::37
71, 1, 108, 43396, 3, 355, 151, 3, 0, D:::::38
23, 1, 55, 20212, 92, 115, 333, 95, 0, I::)::14
36, 1, 2, 25108, 2, 180, 76, 2, 0, D::.::4
59, 1, 94, 31951, 58, 295, 255, 59, 0, I::=::52
52, 2, 16287, 105636, 1740, 521, 5826, 13583, 867, I::]::51, I::NEWLINE::52
78, 1, 52, 51273, 21, 390, 304, 22, 0, D::)::68
25, 3, 30027, 89038, 12431, 401, 12834, 411920, 6626, I::NAME::1, I::(::2, I::)::4
29, 1, 16, 20520, 27, 145, 123, 27, 0, S::=::==::14
62, 2, 25199, 93383, 6810, 621, 3096, 16076, 595, I::INDENT::6, S::return::DEDENT::58
19, 2, 2815, 27400, 2579, 191, 1687, 5637, 0, D::(::1, D::)::3
10, 1, 4, 19393, 14, 50, 104, 15, 0, D::)::7
43, 3, 30062, 139460, 32785, 689, 26571, 11238671, 1, D::NEWLINE::21, D::NAME::22, D::STRING::23
66, 1, 4, 34874, 3, 330, 140, 3, 0, I::[::52
71, 1, 12, 38802, 7, 355, 176, 7, 0, S::import::from::0
15, 1, 9, 19124, 19, 75, 145, 20, 0, D::)::8
23, 2, 1822, 25635, 1812, 231, 1609, 2474, 23, S::import::from::0, S::from::import::2
79, 3, 30159, 433168, 44125, 1265, 26343, 5538486, 0, D::else::74, D:::::75, D::NEWLINE::76
23, 1, 23, 20213, 35, 115, 133, 36, 0, I::,::19
47, 1, 54, 24706, 48, 235, 214, 48, 0, D::NAME::24
13, 1, 6, 19086, 15, 65, 102, 15, 0, D::if::0
61, 1, 44, 30228, 26, 305, 182, 26, 0, S::=::==::25
6, 2, 45, 20403, 238, 61, 126, 239, 0, D::**::0, D::**::2
56, 2, 20434, 111641, 6926, 561, 3024, 15372, 2518, I::INDENT::7, I::DEDENT::35
61, 1, 3, 34584, 2, 305, 127, 2, 0, S::)::]::29
50, 1, 16, 28767, 8, 250, 121, 9, 0, D::for::19
13, 2, 1312, 20749, 2587, 131, 1469, 4179, 885, I::(::9, I::)::11
40, 3, 30062, 104127, 41979, 641, 422, 74088, 0, D::NAME::0, D::NAME::19, D::NAME::34
35, 1, 0, 21896, 1, 175, 72, 1, 0, I::import::4
77, 1, 28, 49743, 15, 385, 183, 15, 0, D::**::46
65, 1, 65, 48144, 42, 325, 245, 42, 0, D::NUMBER::0
29, 3, 30066, 76982, 35487, 465, 2701, 78235, 0, D::INDENT::1, D::NEWLINE::26, D::DEDENT::27
7, 1, 0, 17849, 4, 35, 26, 4, 0, D::.::5
20, 2, 9876, 34808, 12117, 201, 3248, 20388, 3383, I::(::5, I::)::20
61, 1, 248, 33500, 41, 305, 236, 42, 0, D::NAME::5
26, 2, 3129, 37422, 1142, 261, 1925, 4544, 728, I::)::5, I::NEWLINE::10
67, 1, 4, 55643, 1, 335, 136, 1, 0, I::,::62
39, 1, 1, 23622, 1, 195, 80, 1, 0, I::,::26
51, 1, 10, 26511, 5, 255, 119, 5, 0, S::NAME::def::0
41, 3, 8502, 158684, 9010, 657, 355, 9020, 3766, I::]::25, I::NEWLINE::27, I::]::40
23, 1, 21, 19324, 41, 115, 160, 42, 0, D::NAME::0
8, 3, 2992, 24371, 6724, 129, 2724, 16495, 1740, I::,::4, I::,::6, I::,::8
43, 2, 686, 77421, 397, 431, 260, 398, 135, I::]::23, I::NEWLINE::26
66, 1, 3, 36335, 2, 330, 141, 2, 0, I::in::7
21, 1, 40, 20153, 72, 105, 333, 82, 0, I::)::19
5, 1, 0, 19551, 1, 25, 10, 1, 0, S::NAME::import::2
9, 2, 320, 19735, 1040, 91, 728, 1463, 0, D::>>::0, D::>::1
9, 2, 8, 19228, 42, 91, 70, 42, 0, D::>::0, D::>::4
64, 1, 2, 34017, 1, 320, 130, 1, 0, I:::::19
33, 1, 21, 25645, 20, 165, 244, 20, 0, I::}::31
19, 3, 6313, 39179, 9367, 305, 2237, 13423, 0, D::if::12, D::...::16, D::.::17
50, 3, 30019, 121373, 40981, 801, 408, 59976, 0, D::NUMBER::19, D::NUMBER::27, D::NUMBER::37
9, 2, 3081, 27216, 6772, 91, 2956, 11798, 0, D::NAME::0, D::(::1
26, 2, 113, 22044, 150, 261, 99, 150, 0, D::**::0, D::**::24
68, 1, 40, 37526, 27, 340, 201, 27, 0, S::=::==::49
21, 1, 21, 20545, 41, 105, 156, 42, 0, D::NAME::0
52, 2, 2, 48929, 1, 521, 108, 1, 0, I:::::9, I:::::21
12, 2, 81, 20662, 256, 121, 202, 263, 0, D::/::9, S::>::)::10
38, 2, 11140, 42967, 9871, 381, 1860, 12033, 0, D:::::14, D::STRING::15
52, 2, 1819, 55720, 689, 521, 1457, 1032, 2, D::else::27, S::if::elif::28
15, 2, 2013, 22449, 2870, 151, 1516, 5699, 831, I::(::8, I::)::10
50, 1, 17, 27773, 15, 250, 126, 15, 0, I::NAME::37
65, 2, 57, 99362, 34, 651, 181, 38, 0, D::INDENT::23, D::DEDENT::61
42, 3, 30014, 115668, 16769, 673, 2794, 63379, 0, D::INDENT::28, D::NEWLINE::39, D::DEDENT::40
21, 1, 24, 20440, 42, 105, 229, 42, 0, I::)::20
47, 2, 16312, 78509, 4910, 471, 2934, 16463, 24, D::=::25, S::>:::::26
73, 1, 130, 41580, 78, 365, 359, 78, 0, I::)::71
61, 1, 228, 47503, 46, 305, 616, 62, 0, D::]::56
11, 1, 16, 17814, 62, 55, 211, 64, 0, I::)::9
36, 1, 50, 22915, 57, 180, 200, 57, 0, D::NAME::11
9, 2, 289, 20585, 1185, 91, 685, 1329, 0, D::>>::0, D::>::1
47, 2, 15225, 53775, 7382, 471, 1932, 13797, 24, D::NAME::42, S::STRING::pass::43
13, 1, 0, 19276, 1, 65, 28, 1, 0, I::{::1
10, 2, 416, 20013, 960, 101, 721, 1508, 0, D::>>::0, D::>::1
31, 1, 10, 20185, 14, 155, 118, 14, 0, D::{::12
8, 3, 17502, 39624, 67877, 129, 4311, 90271, 0, D::NAME::0, D::NAME::1, D::NAME::2
8, 1, 11, 18118, 59, 40, 154, 59, 0, D::...::0
49, 1, 79, 29286, 67, 245, 262, 67, 0, I::+::19
47, 1, 2, 31584, 1, 235, 96, 1, 0, I:::::9
52, 1, 34, 47877, 30, 260, 187, 30, 0, I::)::11
77, 3, 30016, 502640, 5418, 1233, 28572, 3064963, 10, D::(::2, D::)::3, I::def::41
29, 1, 6, 21447, 7, 145, 148, 7, 0, I::}::26
11, 1, 0, 18669, 1, 55, 24, 1, 0, I:::::4
8, 2, 309, 19836, 1070, 81, 633, 1168, 0, D::>>::0, D::>::1
45, 1, 100, 25264, 8, 225, 124, 8, 0, I::class::0
61, 2, 4387, 70892, 918, 611, 2440, 2523, 0, D::NAME::8, D::.::9
55, 2, 30014, 120485, 5810, 551, 3426, 33359, 0, D::NUMBER::52, S::NAME::STRING::53
33, 1, 14, 20282, 19, 165, 112, 19, 0, I::STRING::5
70, 1, 2, 43359, 1, 350, 142, 1, 0, I::,::53
74, 1, 20, 47656, 7, 370, 190, 8, 0, I::,::20
22, 3, 30042, 58102, 58708, 353, 4963, 232804, 4, D:://::5, D::NAME::6, S::NAME::STRING::7
63, 2, 4554, 116282, 467, 631, 1273, 2946, 289, I::)::40, I::NEWLINE::42
12, 1, 1, 18824, 3, 60, 30, 3, 0, S::NAME::while::0
32, 1, 24, 20407, 28, 160, 147, 28, 0, S::while::with::0
15, 3, 30020, 56009, 20343, 241, 378, 74088, 0, D::NAME::2, D::NAME::7, D::NAME::12
26, 2, 1910, 35827, 1306, 261, 1368, 2975, 0, D::>>::0, D::>::1
77, 2, 1429, 124139, 580, 771, 312, 581, 0, D::**::29, D::**::31
74, 1, 8, 43052, 5, 370, 186, 5, 0, D::]::30
7, 2, 1436, 20610, 7197, 71, 1878, 8391, 1590, I::(::5, I::)::7
26, 3, 17769, 49609, 16146, 417, 2058, 25581, 4, D::.::20, D::.::21, S::,::...::22
28, 1, 0, 20913, 1, 140, 56, 1, 0, S::NAME::from::0
54, 1, 8, 27279, 7, 270, 114, 7, 0, S::in::NAME::41
27, 1, 8, 19584, 14, 135, 80, 15, 0, D::,::20
31, 1, 34, 23040, 55, 155, 220, 55, 0, I:::::16
21, 1, 32, 19554, 48, 105, 167, 48, 0, I::)::20
30, 2, 2814, 32063, 260, 301, 1982, 3231, 180, I::)::21, I::NEWLINE::22
75, 1, 401, 91968, 148, 375, 1074, 149, 0, I::]::9
10, 1, 1, 19636, 4, 50, 35, 4, 0, D::.::8
63, 3, 30016, 243409, 10299, 1009, 20717, 1946380, 0, D::>>::59, D::>::60, D::NUMBER::61
7, 2, 42, 18388, 273, 71, 313, 273, 0, D::if::0, S::NAME::if::2
52, 1, 11, 25470, 8, 260, 118, 8, 0, S::elif::else::37
70, 2, 30025, 128258, 13103, 701, 4100, 64600, 3678, I::(::68, I::)::70
51, 2, 12145, 58615, 3997, 511, 2289, 9858, 1315, I::INDENT::9, I::DEDENT::48
54, 1, 36, 37171, 32, 270, 226, 32, 0, I::}::49
79, 1, 215, 49031, 102, 395, 374, 103, 0, I::=::55
36, 1, 58, 21948, 80, 180, 308, 80, 0, I::)::34
14, 1, 6, 18914, 23, 70, 71, 23, 0, D::,::5
59, 1, 82, 32081, 38, 295, 227, 39, 0, D::NAME::31
43, 1, 61, 23369, 49, 215, 225, 49, 0, I::from::33
31, 1, 25, 21170, 37, 155, 156, 38, 0, D::NUMBER::6
76, 1, 12, 45596, 4, 380, 169, 4, 0, I::NAME::1
60, 2, 1411, 96877, 784, 601, 270, 784, 0, S::NAME::if::12, S::NAME::if::31
20, 1, 16, 20155, 34, 100, 123, 34, 0, I::+::6
79, 2, 228, 131804, 104, 791, 208, 104, 0, D::INDENT::1, D::DEDENT::27
6, 1, 6, 20046, 32, 30, 104, 32, 0, I::)::5
44, 1, 7, 32600, 5, 220, 188, 5, 0, D::)::42
15, 1, 21, 19949, 67, 75, 262, 67, 0, I::)::13
47, 3, 5730, 133143, 584, 753, 1728, 2290, 0, D::NEWLINE::0, D::INDENT::1, D::DEDENT::11
63, 3, 1, 151288, 1, 1009, 132, 1, 0, I:::::14, I:::::29, I:::::50
30, 1, 24, 22711, 19, 150, 269, 35, 0, D::)::20
8, 3, 29035, 52573, 72415, 129, 6991, 164213, 0, D::NAME::3, D::NEWLINE::4, D::NAME::5
55, 1, 96, 30112, 60, 275, 305, 61, 0, D::(::34
6, 2, 821, 20491, 3317, 61, 1494, 4515, 0, D::STRING::3, D::STRING::4
43, 2, 13948, 63957, 5450, 431, 2530, 12703, 0, D::import::0, D::NEWLINE::1
10, 2, 736, 19708, 1704, 101, 1229, 3659, 1, D::NAME::3, D::=::4
7, 3, 30236, 55847, 142155, 113, 11726, 665669, 0, D::NAME::0, D::NAME::1, D::NEWLINE::2
61, 1, 15, 31588, 10, 305, 185, 11, 0, D::)::23
37, 3, 30083, 145345, 24402, 593, 26037, 3693395, 0, D::<::33, D::NAME::34, D::>::35
52, 1, 2, 42794, 1, 260, 106, 1, 0, I::,::47
66, 1, 2, 34298, 1, 330, 134, 1, 0, I:::::40
6, 2, 570, 19395, 3058, 61, 1216, 3345, 0, D::NAME::0, D::as::1
14, 2, 2965, 22760, 7305, 141, 1626, 9107, 2219, I::(::10, I::)::12
41, 1, 26, 27147, 22, 205, 316, 22, 0, I::}::39
70, 2, 30018, 130109, 13092, 701, 4697, 47714, 0, D::NAME::60, D::NAME::61
8, 2, 2543, 21492, 10483, 81, 2182, 13350, 1388, I::(::1, I::)::3
42, 3, 52, 74516, 48, 673, 127, 51, 0, D::INDENT::9, I:::::24, D::DEDENT::40
27, 1, 2, 20826, 4, 135, 67, 4, 0, D::.::15
20, 1, 7, 19801, 15, 100, 148, 16, 0, D::)::17
12, 1, 7, 19376, 26, 60, 72, 26, 0, D::;::0
67, 1, 98, 85991, 27, 335, 201, 27, 0, I::,::40
33, 2, 30021, 61129, 14671, 331, 3512, 48083, 7926, I::(::26, I::)::32
17, 3, 30163, 76579, 96065, 273, 15707, 2408724, 0, D::NAME::0, D::(::3, D::)::13
47, 1, 1, 23519, 1, 235, 96, 1, 0, I:::::14
20, 2, 2176, 26723, 592, 201, 1794, 3446, 437, I::)::12, I::NEWLINE::14
74, 1, 50, 44030, 31, 370, 236, 31, 0, S::NAME::*::38
33, 2, 9333, 44739, 1328, 331, 2302, 9134, 888, I::)::19, I::NEWLINE::21
10, 2, 3662, 23462, 7395, 101, 2411, 10356, 956, I::(::1, I::)::9
34, 3, 282, 45827, 165, 545, 128, 165, 0, D::@::9, D::(::21, S::):::::25
72, 2, 24655, 141415, 4356, 721, 4450, 12932, 1437, S::NAME::True::4, I::]::69
49, 1, 299, 44307, 103, 245, 626, 111, 0, I::)::46
68, 1, 1, 37531, 1, 340, 138, 1, 0, I:::::23
15, 2, 1546, 23696, 3600, 151, 313, 3600, 0, D::...::5, D::...::10
19, 2, 6103, 27816, 6538, 191, 1806, 13011, 2022, I::(::15, I::)::17
13, 2, 1075, 20938, 2689, 131, 962, 3332, 0, D::NEWLINE::10, D::and::11
73, 1, 69, 43483, 30, 365, 236, 31, 0, D::,::1
29, 2, 3639, 28519, 2987, 291, 1889, 4546, 1439, I::NAME::8, I::NEWLINE::9
46, 1, 1, 25470, 1, 230, 92, 1, 0, S::NAME::from::7
44, 2, 11159, 70502, 2784, 441, 3015, 9161, 1291, I::NAME::18, I::)::38
17, 2, 3993, 29353, 5156, 171, 1629, 8147, 2094, I::(::13, I::)::15
15, 1, 36, 18417, 77, 75, 234, 77, 0, I::)::13
64, 3, 30060, 269444, 45689, 1025, 4422, 210712, 0, D::INDENT::6, D::NEWLINE::61, D::DEDENT::62
61, 3, 6013, 149630, 674, 977, 2437, 3108, 0, D::NEWLINE::0, D::INDENT::1, D::DEDENT::7
21, 2, 2109, 33178, 1515, 211, 2635, 2898, 295, I::(::0, S::]::)::20
27, 2, 17303, 49057, 9988, 271, 2392, 22656, 1835, I::(::19, I::)::27
24, 1, 1, 20363, 1, 120, 50, 1, 0, I:::::9
74, 1, 2, 44143, 1, 370, 148, 1, 0, S::NAME::import::0
44, 3, 1, 233880, 1, 705, 88, 1, 0, S::=:::::11, S::=:::::25, S::=:::::39
11, 1, 5, 20312, 2, 55, 38, 2, 0, I::]::10
36, 2, 16975, 46025, 16215, 361, 2173, 22497, 1271, I::(::32, S::NUMBER::)::33
39, 2, 4213, 72996, 4051, 391, 611, 4160, 784, I::]::25, I::NEWLINE::32
61, 2, 30024, 104595, 7012, 611, 5114, 44500, 3246, I::(::36, I::)::61
10, 1, 0, 18491, 4, 50, 38, 4, 0, D::.::8
6, 1, 0, 18230, 3, 30, 26, 3, 0, D::.::4
53, 2, 428, 126415, 207, 531, 452, 209, 87, I::)::28, I::)::51
39, 3, 4195, 159761, 1202, 625, 2495, 3320, 5, D::]::19, D::]::32, I::}::37
79, 1, 11, 64085, 7, 395, 164, 7, 0, S::from::NAME::41
63, 1, 628, 34299, 8, 315, 160, 8, 0, I::def::0
41, 1, 93, 23892, 55, 205, 296, 67, 0, I::)::39
63, 2, 9247, 83559, 1971, 631, 2510, 5491, 533, I::NAME::23, S::def::.::24
58, 3, 30029, 154871, 9323, 929, 9490, 213928, 3693, I::NAME::1, I::(::2, I::)::4
59, 1, 181, 29543, 84, 295, 455, 112, 0, I::)::56
41, 1, 1, 22751, 1, 205, 84, 1, 0, I:::::31
73, 2, 6210, 249013, 655, 731, 4394, 3446, 464, I::)::64, I::NEWLINE::65
35, 2, 19395, 49252, 9800, 351, 2218, 22099, 4046, I::(::30, I::)::32
52, 1, 59, 27597, 36, 260, 191, 36, 0, I::,::39
9, 1, 14, 18922, 63, 45, 167, 64, 0, S::NAME::nonlocal::6
17, 1, 1, 19419, 2, 85, 61, 2, 0, S::)::]::15
36, 2, 30006, 102875, 7064, 361, 7863, 66783, 0, D::NAME::2, D::(::3
62, 2, 1252, 261429, 473, 621, 430, 473, 0, D::(::7, D::)::11
34, 1, 5, 23860, 5, 170, 92, 5, 0, D::.::31
61, 1, 2, 31983, 1, 305, 124, 1, 0, I:::::30
62, 2, 9517, 106793, 2318, 621, 1993, 6609, 1509, I::)::60, I::)::61
6, 2, 1167, 21144, 5769, 61, 2088, 7703, 635, I::(::1, I::)::6
42, 3, 3913, 69368, 2631, 673, 2084, 4180, 1, D::NAME::0, S::=::class::1, S::class::NAME::2
41, 2, 359, 74041, 170, 411, 150, 170, 0, D::=::12, D::=::26
69, 2, 17484, 113570, 10404, 691, 568, 10609, 0, D::NAME::33, D::NAME::51
35, 2, 26840, 66307, 10034, 351, 2541, 30294, 0, D::NAME::32, D::NAME::33
44, 3, 30025, 124166, 26035, 705, 5259, 109324, 0, D::INDENT::3, D::NEWLINE::41, D::DEDENT::42
6, 1, 0, 19193, 3, 30, 23, 3, 0, D::import::4
46, 1, 4, 22978, 4, 230, 106, 4, 0, S::NAME::for::0
63, 2, 24, 66695, 18, 631, 158, 18, 0, D::**::27, D::**::33
10, 2, 77, 19754, 313, 101, 292, 331, 0, I::from::3, D::from::8
34, 1, 7, 25948, 9, 170, 162, 9, 0, I::[::0
40, 2, 11262, 45053, 5546, 401, 2428, 10942, 1733, I::INDENT::9, I::DEDENT::36
29, 1, 182, 26416, 58, 145, 196, 59, 0, I::=::1
28, 3, 30078, 109551, 56455, 449, 18152, 865563, 0, D::NEWLINE::24, D::NAME::25, D::.::26
56, 3, 30603, 422375, 270286, 897, 683, 625931, 0, D::NAME::0, D::NAME::6, D::NAME::29
76, 1, 2, 63969, 1, 380, 154, 1, 0, I::,::54
51, 2, 30025, 96284, 9473, 511, 3719, 49479, 5058, I::(::49, I::)::51
29, 1, 27, 24016, 27, 145, 123, 27, 0, S::NAME::<::21
38, 2, 5417, 61552, 1187, 381, 2205, 5383, 2, S::[::{::0, S::]::}::36
74, 1, 64, 44870, 26, 370, 208, 26, 0, S::=::==::38
31, 2, 17459, 44410, 12556, 311, 2629, 26132, 5879, I::(::10, I::)::14
39, 1, 169, 23868, 38, 195, 223, 38, 0, I::)::38
17, 1, 19, 19900, 38, 85, 180, 39, 0, I::)::16
58, 1, 4, 34114, 3, 290, 126, 3, 0, I:::::50
65, 3, 844, 165053, 358, 1041, 257, 358, 123, S::def::class::0, S::def::class::22, S::def::class::35
42, 1, 45, 28289, 41, 210, 197, 42, 0, D::NAME::34
57, 2, 5206, 105530, 303, 571, 2779, 3814, 205, I::)::39, I::NEWLINE::41
61, 3, 25588, 165215, 19683, 977, 323, 19683, 223, S::=::==::2, S::=::==::26, S::=::==::46
7, 1, 1, 19114, 1, 35, 14, 1, 0, S::NAME::from::0
70, 1, 11, 41430, 7, 350, 148, 7, 0, I::NAME::49
9, 1, 0, 18520, 4, 45, 36, 4, 0, D::.::7
25, 1, 10, 20729, 17, 125, 164, 17, 0, I::}::14
62, 3, 30096, 246563, 29868, 993, 4707, 145842, 0, D::INDENT::9, D::NEWLINE::59, D::DEDENT::60
60, 1, 42, 65109, 28, 300, 399, 28, 0, I::]::59
35, 1, 95, 23819, 64, 175, 430, 102, 0, I::)::29
50, 1, 2, 43085, 2, 250, 113, 2, 0, S::}::]::12
32, 1, 41, 21979, 47, 160, 203, 47, 0, I::)::29
36, 1, 15, 21070, 17, 180, 194, 18, 0, I::(::16
70, 1, 2, 43994, 1, 350, 142, 1, 0, I:::::27
50, 2, 2, 123171, 1, 501, 104, 1, 0, I::,::18, I::,::34
32, 2, 1, 41241, 1, 321, 64, 1, 0, S::and::NAME::10, S::or::NAME::16
8, 2, 142, 20772, 585, 81, 289, 595, 85, S::NAME::from::0, I::import::6
73, 1, 59, 42242, 35, 365, 228, 35, 0, D::NAME::36
54, 2, 3561, 97843, 318, 541, 2653, 2427, 200, I::)::27, I::NEWLINE::28
59, 2, 30004, 107028, 4215, 591, 4693, 32528, 2026, I::)::55, I::NEWLINE::59
37, 2, 17594, 61549, 5756, 371, 2157, 20371, 1989, I::(::33, I::)::35
54, 1, 53, 29052, 35, 270, 237, 35, 0, I::)::53
31, 1, 166, 26234, 118, 155, 548, 148, 0, I::)::29
51, 3, 30046, 191963, 19468, 817, 27011, 1788438, 1, D::NAME::0, D::.::1, D::NEWLINE::2
9, 1, 5, 18491, 27, 45, 78, 27, 0, D::>>::0
27, 1, 16, 19899, 27, 135, 119, 27, 0, S::=::==::2
65, 1, 1, 34225, 1, 325, 130, 1, 0, S::]::)::45
15, 2, 204, 20416, 674, 151, 310, 697, 158, D::(::1, I::(::6
75, 1, 2, 60384, 1, 375, 152, 1, 0, I::,::13
39, 1, 26, 22613, 33, 195, 171, 33, 0, D::NUMBER::37
22, 1, 20, 19815, 42, 110, 241, 42, 0, I::)::21
75, 1, 2, 42803, 1, 375, 152, 1, 0, I:::::19
34, 3, 30016, 86134, 9469, 545, 10935, 322598, 1, S::NAME::class::0, D::(::2, D::)::3
27, 2, 18712, 45798, 13040, 271, 3097, 27428, 3542, I::(::15, I::)::27
60, 1, 361, 51185, 66, 300, 520, 89, 0, I::)::57
59, 1, 8, 32652, 6, 295, 142, 6, 0, S::NAME::else::48
13, 1, 2, 18765, 7, 65, 80, 7, 0, I::}::12
15, 2, 9676, 31698, 9291, 151, 2470, 21486, 2142, I::(::1, I::)::14
20, 2, 78, 24076, 62, 201, 244, 65, 6, S::]::}::16, S::}::]::17
19, 2, 8085, 33860, 3824, 191, 4277, 14751, 84, D::[::14, I::NEWLINE::18
68, 1, 24, 81447, 16, 340, 182, 16, 0, D::{::42
30, 2, 22433, 50517, 11427, 301, 3123, 28294, 3233, I::(::21, I::)::27
25, 3, 30120, 100793, 83918, 401, 23422, 6946067, 0, D::NEWLINE::21, D::NAME::22, D::NAME::23
70, 2, 15420, 101573, 10404, 701, 570, 10609, 0, D::NAME::39, D::NAME::64
14, 2, 2, 19649, 5, 141, 44, 6, 0, I::INDENT::7, D::INDENT::10
28, 2, 7919, 45093, 3408, 281, 3699, 13066, 2201, I::NAME::1, I::for::2
62, 2, 6040, 101330, 3293, 621, 1608, 4651, 2034, I::)::40, I::NEWLINE::42
47, 1, 190, 27446, 30, 235, 240, 30, 0, I::]::27
54, 3, 216, 98832, 153, 865, 181, 171, 0, D::INDENT::10, I::in::15, D::DEDENT::51
46, 1, 2, 24478, 1, 230, 94, 1, 0, I:::::5
56, 3, 2239, 115702, 1005, 897, 337, 1059, 0, D::INDENT::20, D::DEDENT::46, D::*::52
14, 2, 651, 22680, 795, 141, 849, 1813, 2, S::[::{::0, S::]::}::12
28, 1, 50, 20616, 63, 140, 209, 64, 0, S::NAME::import::0
8, 1, 1, 18934, 4, 40, 32, 4, 0, D::.::6
14, 1, 1, 19520, 3, 70, 42, 3, 0, S::NAME::from::0
49, 1, 6, 25496, 5, 245, 118, 5, 0, S::NAME::class::0
6, 1, 2, 18339, 15, 30, 36, 15, 0, I:::::2
46, 3, 30091, 141496, 38077, 737, 3011, 87157, 0, D:://::0, S::NAME::(::2, S::NAME::)::4
72, 2, 2934, 140577, 460, 721, 3414, 1319, 219, I::]::64, I::NEWLINE::65
26, 2, 13122, 40445, 6996, 261, 2044, 18643, 19, D::NAME::21, S::NAME::...::22
9, 2, 1811, 23276, 4461, 91, 1858, 6843, 1613, I::(::5, I::)::9
65, 1, 6, 33986, 4, 325, 140, 4, 0, S::NAME::class::0
6, 2, 694, 20739, 3368, 61, 1491, 4504, 0, D::STRING::2, D::NAME::3
50, 1, 37, 25199, 37, 250, 193, 37, 0, D::NAME::22
54, 1, 5, 27256, 3, 270, 118, 3, 0, D:::::23
10, 2, 1808, 20880, 6596, 101, 1586, 8086, 0, D::NEWLINE::1, D::-::2
40, 2, 1718, 50235, 1070, 401, 696, 1645, 580, I::)::35, I::NEWLINE::36
19, 1, 12, 20441, 29, 95, 279, 29, 0, I::]::18
58, 1, 46, 30328, 34, 290, 210, 35, 0, I::for::43
49, 2, 30019, 75286, 8200, 491, 3001, 39190, 3996, I::(::47, I::)::49
33, 3, 30165, 97128, 132179, 529, 13491, 2797679, 0, D::NAME::29, D::NAME::30, D::NAME::31
78, 1, 4, 51509, 2, 390, 161, 2, 0, S::else::except::64
7, 1, 6, 18758, 40, 35, 133, 41, 0, S::NAME::lambda::0
64, 1, 3, 32895, 1, 320, 130, 1, 0, I:::::7
66, 3, 30016, 236531, 6538, 1057, 18612, 949001, 0, D::NUMBER::3, D::,::4, D::NUMBER::5
63, 3, 30026, 272168, 17645, 1009, 29446, 19369483, 0, D::NEWLINE::7, D::...::8, D::...::9
40, 2, 1969, 32167, 1511, 401, 1320, 1827, 1096, I::(::7, I::)::8
31, 3, 30025, 109179, 16236, 497, 20475, 2497802, 0, D::NEWLINE::27, D::from::28, D::NAME::29
75, 2, 30025, 138658, 12884, 751, 3953, 66115, 6325, I::(::64, I::)::72
66, 2, 788, 153596, 200, 661, 248, 229, 77, I::STRING::12, I::STRING::50
75, 2, 4172, 107994, 966, 751, 2865, 2088, 2, D::else::44, S::if::elif::45
53, 1, 45, 26564, 36, 265, 196, 37, 0, I::,::50
74, 1, 63, 42544, 35, 370, 236, 35, 0, I::>=::40
16, 2, 4149, 27672, 7894, 161, 1667, 10003, 2374, I::(::12, I::)::14
62, 1, 15, 62554, 10, 310, 247, 10, 0, I::}::61
58, 1, 15, 33413, 10, 290, 175, 10, 0, I::]::56
42, 1, 51, 23010, 48, 210, 207, 48, 0, I::)::38
11, 2, 602, 20675, 1299, 111, 837, 1736, 0, D::>>::0, D::>::1
24, 1, 2, 18676, 5, 120, 65, 5, 0, S::NAME::class::0
31, 1, 19, 23052, 28, 155, 170, 28, 0, I::)::29
17, 1, 3, 18719, 9, 85, 76, 9, 0, S::+::,::4
32, 1, 1, 21230, 1, 160, 66, 1, 0, I:::::13
32, 3, 5686, 106688, 946, 513, 2989, 6372, 192, I::,::12, I::,::22, I::,::32
40, 1, 8, 21752, 8, 200, 114, 8, 0, I::def::10
76, 1, 36, 68103, 19, 380, 328, 19, 0, I::]::75
39, 2, 3733, 71953, 1140, 391, 2274, 3935, 706, I::)::13, I::NEWLINE::16
50, 1, 12, 29326, 10, 250, 120, 10, 0, D::&::46
64, 1, 105, 34668, 58, 320, 265, 59, 0, I::=::55
75, 3, 30121, 276157, 19683, 1201, 345, 19683, 415, S::=::==::20, S::=::==::27, S::=::==::34
37, 1, 34, 22527, 43, 185, 247, 44, 0, I::]::35
73, 1, 68, 45733, 36, 365, 375, 36, 0, I::)::72
52, 2, 14235, 63611, 3498, 521, 1600, 10233, 1588, I::(::32, I::)::36
67, 2, 153, 89992, 30, 671, 168, 48, 0, D::,::16, D::,::49
63, 2, 62, 73813, 49, 631, 138, 49, 0, S::in::NAME::21, S::in::NAME::34
30, 1, 3, 26803, 4, 150, 77, 4, 0, D::.::28
27, 2, 12089, 39704, 10597, 271, 2906, 18457, 0, D::STRING::2, D::NAME::3
25, 3, 30020, 69269, 31719, 401, 2644, 63975, 0, D::INDENT::4, D::NEWLINE::22, D::DEDENT::23
26, 2, 237, 25169, 240, 261, 962, 357, 0, I:::::9, I::return::12
10, 1, 13, 20023, 57, 50, 149, 57, 0, D::NAME::0
19, 1, 7, 19266, 16, 95, 133, 17, 0, D::)::15
11, 2, 2417, 30255, 5638, 111, 2169, 8727, 1105, I::(::6, I::)::10
73, 2, 30032, 142563, 10752, 731, 3892, 60054, 3193, I::(::71, I::)::73
5, 1, 1, 18081, 4, 25, 26, 4, 0, D::.::3
9, 2, 1751, 22385, 7164, 91, 2018, 7751, 0, D::NAME::6, D::NUMBER::7
28, 1, 213, 27125, 92, 140, 459, 122, 0, I::)::24
12, 1, 23, 19143, 58, 60, 162, 59, 0, D::NAME::0
72, 1, 251, 45276, 71, 360, 432, 81, 0, I::)::70
44, 1, 40, 36754, 41, 220, 249, 41, 0, I::)::37
26, 1, 0, 21437, 1, 130, 52, 1, 0, S::=:::::8
48, 2, 1038, 65554, 274, 481, 512, 560, 0, D::)::24, D::)::44
6, 1, 6, 20875, 32, 30, 105, 32, 0, I::]::5
26, 3, 30029, 75974, 25374, 417, 3020, 53149, 0, D::NEWLINE::0, D::INDENT::1, D::DEDENT::18
51, 1, 47, 36726, 31, 255, 289, 38, 0, I::)::48
10, 2, 2574, 26482, 6181, 101, 2314, 8654, 2000, I::(::4, I::)::9
25, 2, 5231, 43692, 1487, 251, 2032, 6459, 962, I::)::9, I::NEWLINE::11
21, 3, 30136, 88576, 70063, 337, 19247, 1502057, 0, D::<::8, D::NAME::9, D::>::10
75, 1, 178, 90965, 1, 375, 148, 1, 0, D::,::60
41, 2, 30041, 80962, 13749, 411, 3142, 38407, 2999, I::(::39, I::)::41
29, 3, 30021, 74817, 28360, 465, 3147, 79884, 118, S::NEWLINE::NAME::0, S::INDENT::=::1, D::DEDENT::4
44, 1, 10, 31255, 11, 220, 195, 11, 0, I::]::43
7, 3, 5265, 25898, 22699, 113, 1973, 34547, 0, D::NEWLINE::0, D::INDENT::1, D::DEDENT::4
6, 2, 1103, 21062, 5793, 61, 2111, 7794, 751, I::(::1, I::)::5
30, 2, 1, 38656, 1, 301, 60, 1, 0, S::=:::::11, S::=:::::25
35, 3, 17869, 76625, 10625, 561, 3710, 22678, 0, D::INDENT::5, D::NEWLINE::32, D::DEDENT::33
13, 1, 4, 19389, 14, 65, 109, 15, 0, I::[::0
50, 1, 1, 29914, 1, 250, 102, 1, 0, I::in::25
18, 1, 48, 19710, 80, 90, 266, 80, 0, I::)::16
21, 1, 2, 18566, 3, 105, 48, 3, 0, S::def::if::0
51, 1, 5, 26300, 4, 255, 115, 4, 0, S::NAME::class::0
61, 1, 21, 32134, 10, 305, 140, 10, 0, D:::::57
15, 1, 1, 19777, 4, 75, 46, 4, 0, D::.::13
51, 2, 30050, 96487, 17467, 511, 3763, 53447, 7294, I::(::49, I::)::51
28, 1, 48, 22573, 86, 140, 324, 87, 0, I::)::20
60, 1, 36, 31107, 27, 300, 187, 27, 0, S::=::==::40
63, 1, 20, 58569, 15, 315, 154, 15, 0, D::>::0
30, 1, 49, 21483, 71, 150, 285, 71, 0, I::)::25
74, 1, 2, 44161, 1, 370, 150, 1, 0, I:::::5
8, 1, 1, 19394, 10, 40, 36, 10, 0, D:::::6
61, 1, 7, 39301, 5, 305, 145, 5, 0, S::NAME::def::0
45, 3, 30067, 162652, 34390, 721, 21197, 4893282, 413, I::INDENT::19, D::return::35, S::NEWLINE::DEDENT::36
49, 1, 1, 24395, 1, 245, 100, 1, 0, I:::::6
7, 2, 8, 18485, 49, 71, 87, 49, 3, S::import::from::0, S::as::import::4
12, 2, 4305, 25469, 10901, 121, 3334, 13090, 3023, I::(::1, I::)::11
34, 1, 85, 22221, 83, 170, 336, 83, 0, I::)::32
14, 1, 2, 18359, 8, 70, 68, 8, 0, I::def::0
39, 2, 8358, 41009, 4634, 391, 2201, 9354, 1852, I::INDENT::9, I::DEDENT::21
77, 2, 3613, 119258, 1563, 771, 816, 1662, 25, S::NAME::.::25, S::.::NAME::26
30, 3, 30042, 125001, 19621, 481, 4908, 182073, 10886, I::]::10, I::NEWLINE::11, I::NEWLINE::24
8, 1, 2, 19319, 14, 40, 63, 14, 0, I::)::7
32, 1, 5, 20089, 5, 160, 84, 5, 0, S::NAME::class::0
18, 1, 6, 18960, 18, 90, 141, 19, 0, D::)::14
27, 1, 17, 19986, 26, 135, 114, 26, 0, S::=::==::13
31, 3, 10410, 56483, 4513, 497, 1621, 13724, 0, D::NEWLINE::0, D::INDENT::1, D::DEDENT::28
65, 2, 14097, 180218, 4529, 651, 1890, 8341, 2973, I::)::42, I::NEWLINE::45
75, 1, 186, 112912, 13, 375, 178, 14, 0, D::,::58
15, 1, 20, 20284, 63, 75, 179, 64, 0, D::NAME::12
44, 3, 30007, 103412, 9395, 705, 3010, 28435, 0, D::NEWLINE::0, D::INDENT::1, D::DEDENT::30
16, 2, 8812, 31776, 8472, 161, 2615, 20954, 3056, I::(::4, I::)::14
30, 3, 9768, 50571, 7968, 481, 2140, 14200, 0, D::NAME::3, D::<::4, D::>::6
60, 1, 49, 62807, 29, 300, 199, 29, 0, S::.::,::44
41, 1, 30, 25566, 31, 205, 188, 31, 0, I::)::40
62, 3, 30119, 322999, 38053, 993, 27442, 18470993, 2, D::NEWLINE::56, D::...::57, D::NAME::58
36, 3, 30025, 217575, 7284, 577, 18771, 920001, 33, D::[::31, S::NUMBER::]::32, S::]::)::33
45, 2, 4098, 58018, 417, 451, 2885, 3332, 218, I::)::20, I::NEWLINE::21
57, 2, 12161, 66991, 2996, 571, 1550, 9343, 0, D::=::2, D::True::3
59, 1, 4, 30860, 3, 295, 129, 3, 0, D:::::15
59, 1, 28, 53204, 7, 295, 134, 8, 0, D:::::28
31, 2, 23211, 51235, 11443, 311, 2564, 27169, 3490, I::(::28, I::)::30
34, 2, 17888, 48316, 10182, 341, 2248, 23064, 3140, I::(::32, I::)::34
65, 1, 242, 76067, 33, 325, 206, 33, 0, D::NUMBER::57
29, 2, 24187, 50129, 15691, 291, 2876, 37128, 4315, I::(::20, I::)::26
47, 1, 1, 26922, 1, 235, 94, 1, 0, S::NAME::in::11
77, 2, 7260, 128639, 3969, 771, 452, 4096, 97, S::NAME::yield::49, S::NAME::yield::69
64, 3, 1647, 172441, 681, 1025, 592, 754, 56, D::INDENT::1, S::DEDENT::INDENT::11, I::DEDENT::62
51, 1, 138, 37626, 101, 255, 668, 102, 0, I::]::49
10, 2, 2177, 22662, 5308, 101, 2042, 7849, 890, I::(::6, I::)::9
16, 2, 2473, 25234, 2285, 161, 1818, 5781, 756, I::else::13, I::STRING::14
41, 2, 5331, 85572, 3448, 411, 2127, 5236, 0, D::>>::0, D::>::1
39, 3, 30128, 103704, 56138, 625, 4718, 234305, 0, D::>>::0, D::>::1, D::NEWLINE::2
9, 1, 2, 17842, 11, 45, 76, 11, 0, I::[::0
50, 2, 1854, 105831, 508, 501, 2466, 1529, 237, I::]::24, I::NEWLINE::25
47, 3, 30017, 166422, 8914, 753, 12349, 430753, 1, S::NAME::class::0, D::(::2, D::)::3
17, 2, 4352, 25166, 8612, 171, 1903, 11782, 3520, I::(::15, I::)::17
47, 2, 359, 44794, 202, 471, 225, 202, 0, D::**::27, D::**::43
35, 3, 30035, 111606, 50372, 561, 5716, 354818, 0, D::NAME::8, D::NAME::9, D::and::11
55, 1, 16, 29502, 12, 275, 178, 13, 0, D::)::27
28, 1, 1, 19930, 2, 140, 81, 2, 0, S::)::]::26
77, 1, 3, 107248, 1, 385, 156, 1, 0, I::,::72
18, 2, 294, 25253, 335, 181, 206, 335, 0, D::**::2, D::**::8
5, 2, 16, 19038, 112, 51, 142, 122, 32, S::import::from::0, I::import::3
4, 1, 0, 18290, 7, 20, 41, 8, 0, I::as::2
52, 3, 30057, 195363, 24472, 833, 28933, 5129153, 2149, I::INDENT::13, D::;::16, I::DEDENT::32
54, 1, 126, 34702, 51, 270, 522, 113, 0, I::)::49
63, 1, 48, 61871, 31, 315, 210, 31, 0, S:::::,::48
32, 1, 46, 23231, 41, 160, 189, 41, 0, S::=::==::12
64, 1, 1, 40115, 1, 320, 130, 1, 0, I:::::10
35, 1, 50, 24427, 47, 175, 183, 47, 0, I::)::34
25, 1, 23, 19773, 31, 125, 135, 31, 0, S::NAME::lambda::11
6, 2, 1402, 20054, 5570, 61, 2044, 6533, 0, D::None::2, D::,::3
63, 1, 2, 40137, 1, 315, 128, 1, 0, I:::::20
50, 1, 7, 26167, 6, 250, 134, 6, 0, I::)::45
43, 2, 30011, 64949, 14080, 431, 2768, 34712, 4032, I::(::41, I::)::43